﻿Country Name,Country Code,Series Name,Series Code,2010 [YR2010],2011 [YR2011],2012 [YR2012],2013 [YR2013],2014 [YR2014],2015 [YR2015],2016 [YR2016],2017 [YR2017],2018 [YR2018],2019 [YR2019],2020 [YR2020]
Australia,AUS,Global: Ease of doing business score (DB10-14 methodology),IC.BUS.EASE.DFRN.DB1014,79.5,79.7,79.7,80.3,80.3,..,..,..,..,..,..
Australia,AUS,Global: Ease of doing business score (DB15 methodology),IC.BUS.EASE.DFRN.DB16,..,..,..,..,80.7,80.6,..,..,..,..,..
Australia,AUS,Global: Ease of doing business score (DB17-20 methodology),IC.BUS.EASE.DFRN.XQ.DB1719,..,..,..,..,..,..,80.4,80.2,80.8,80.7,81.2
Australia,AUS,Ease of doing business score (DB15 methodology),IC.BUS.EASE.DFRN.DB15,..,..,..,..,..,..,..,..,..,..,..
Australia,AUS,Rank: Ease of doing business index (1=most business-friendly regulations),IC.BUS.EASE.XQ,..,..,..,..,..,..,..,..,..,..,14
Brazil,BRA,Global: Ease of doing business score (DB10-14 methodology),IC.BUS.EASE.DFRN.DB1014,..,..,..,..,55.5,..,..,..,..,..,..
Brazil,BRA,Global: Ease of doing business score (DB15 methodology),IC.BUS.EASE.DFRN.DB16,..,..,..,..,55.9,56.5,..,..,..,..,..
Brazil,BRA,Global: Ease of doing business score (DB17-20 methodology),IC.BUS.EASE.DFRN.XQ.DB1719,..,..,..,..,..,..,55.6,55.2,55.6,58.6,59.1
Brazil,BRA,Ease of doing business score (DB15 methodology),IC.BUS.EASE.DFRN.DB15,..,..,..,..,..,..,..,..,..,..,..
Brazil,BRA,Rank: Ease of doing business index (1=most business-friendly regulations),IC.BUS.EASE.XQ,..,..,..,..,..,..,..,..,..,..,124
China,CHN,Global: Ease of doing business score (DB10-14 methodology),IC.BUS.EASE.DFRN.DB1014,..,..,..,..,61,..,..,..,..,..,..
China,CHN,Global: Ease of doing business score (DB15 methodology),IC.BUS.EASE.DFRN.DB16,..,..,..,..,60,61.6,..,..,..,..,..
China,CHN,Global: Ease of doing business score (DB17-20 methodology),IC.BUS.EASE.DFRN.XQ.DB1719,..,..,..,..,..,..,63.1,64.6,65.2,74,77.9
China,CHN,Ease of doing business score (DB15 methodology),IC.BUS.EASE.DFRN.DB15,..,..,..,..,..,..,..,..,..,..,..
China,CHN,Rank: Ease of doing business index (1=most business-friendly regulations),IC.BUS.EASE.XQ,..,..,..,..,..,..,..,..,..,..,31
India,IND,Global: Ease of doing business score (DB10-14 methodology),IC.BUS.EASE.DFRN.DB1014,..,..,..,..,52.5,..,..,..,..,..,..
India,IND,Global: Ease of doing business score (DB15 methodology),IC.BUS.EASE.DFRN.DB16,..,..,..,..,51.9,52.9,..,..,..,..,..
India,IND,Global: Ease of doing business score (DB17-20 methodology),IC.BUS.EASE.DFRN.XQ.DB1719,..,..,..,..,..,..,54.5,55.9,60.9,67.5,71
India,IND,Ease of doing business score (DB15 methodology),IC.BUS.EASE.DFRN.DB15,..,..,..,..,..,..,..,..,..,..,..
India,IND,Rank: Ease of doing business index (1=most business-friendly regulations),IC.BUS.EASE.XQ,..,..,..,..,..,..,..,..,..,..,63
Indonesia,IDN,Global: Ease of doing business score (DB10-14 methodology),IC.BUS.EASE.DFRN.DB1014,..,..,..,..,62,..,..,..,..,..,..
Indonesia,IDN,Global: Ease of doing business score (DB15 methodology),IC.BUS.EASE.DFRN.DB16,..,..,..,..,60.7,61.8,..,..,..,..,..
Indonesia,IDN,Global: Ease of doing business score (DB17-20 methodology),IC.BUS.EASE.DFRN.XQ.DB1719,..,..,..,..,..,..,62.1,64.7,66.9,68.2,69.6
Indonesia,IDN,Ease of doing business score (DB15 methodology),IC.BUS.EASE.DFRN.DB15,..,..,..,..,..,..,..,..,..,..,..
Indonesia,IDN,Rank: Ease of doing business index (1=most business-friendly regulations),IC.BUS.EASE.XQ,..,..,..,..,..,..,..,..,..,..,73
Japan,JPN,Global: Ease of doing business score (DB10-14 methodology),IC.BUS.EASE.DFRN.DB1014,..,..,..,..,79.8,..,..,..,..,..,..
Japan,JPN,Global: Ease of doing business score (DB15 methodology),IC.BUS.EASE.DFRN.DB16,..,..,..,..,77.2,77.1,..,..,..,..,..
Japan,JPN,Global: Ease of doing business score (DB17-20 methodology),IC.BUS.EASE.DFRN.XQ.DB1719,..,..,..,..,..,..,77.5,77.9,78,78,78
Japan,JPN,Ease of doing business score (DB15 methodology),IC.BUS.EASE.DFRN.DB15,..,..,..,..,..,..,..,..,..,..,..
Japan,JPN,Rank: Ease of doing business index (1=most business-friendly regulations),IC.BUS.EASE.XQ,..,..,..,..,..,..,..,..,..,..,29
"Korea, Rep.",KOR,Global: Ease of doing business score (DB10-14 methodology),IC.BUS.EASE.DFRN.DB1014,80.9,81.1,81.8,82.8,83,..,..,..,..,..,..
"Korea, Rep.",KOR,Global: Ease of doing business score (DB15 methodology),IC.BUS.EASE.DFRN.DB16,..,..,..,..,82.3,82.8,..,..,..,..,..
"Korea, Rep.",KOR,Global: Ease of doing business score (DB17-20 methodology),IC.BUS.EASE.DFRN.XQ.DB1719,..,..,..,..,..,..,83.1,84,84,84,84
"Korea, Rep.",KOR,Ease of doing business score (DB15 methodology),IC.BUS.EASE.DFRN.DB15,..,..,..,..,..,..,..,..,..,..,..
"Korea, Rep.",KOR,Rank: Ease of doing business index (1=most business-friendly regulations),IC.BUS.EASE.XQ,..,..,..,..,..,..,..,..,..,..,5
Malaysia,MYS,Global: Ease of doing business score (DB10-14 methodology),IC.BUS.EASE.DFRN.DB1014,74.6,76.3,78.7,78.7,80.9,..,..,..,..,..,..
Malaysia,MYS,Global: Ease of doing business score (DB15 methodology),IC.BUS.EASE.DFRN.DB16,..,..,..,..,77.5,79.5,..,..,..,..,..
Malaysia,MYS,Global: Ease of doing business score (DB17-20 methodology),IC.BUS.EASE.DFRN.XQ.DB1719,..,..,..,..,..,..,78.6,78.3,78.8,81.3,81.5
Malaysia,MYS,Ease of doing business score (DB15 methodology),IC.BUS.EASE.DFRN.DB15,..,..,..,..,..,..,..,..,..,..,..
Malaysia,MYS,Rank: Ease of doing business index (1=most business-friendly regulations),IC.BUS.EASE.XQ,..,..,..,..,..,..,..,..,..,..,12
Myanmar,MMR,Global: Ease of doing business score (DB10-14 methodology),IC.BUS.EASE.DFRN.DB1014,..,..,..,42.3,43,..,..,..,..,..,..
Myanmar,MMR,Global: Ease of doing business score (DB15 methodology),IC.BUS.EASE.DFRN.DB16,..,..,..,..,40.4,42,..,..,..,..,..
Myanmar,MMR,Global: Ease of doing business score (DB17-20 methodology),IC.BUS.EASE.DFRN.XQ.DB1719,..,..,..,..,..,..,42.1,42.7,43,43.5,46.8
Myanmar,MMR,Ease of doing business score (DB15 methodology),IC.BUS.EASE.DFRN.DB15,..,..,..,..,..,..,..,..,..,..,..
Myanmar,MMR,Rank: Ease of doing business index (1=most business-friendly regulations),IC.BUS.EASE.XQ,..,..,..,..,..,..,..,..,..,..,165
Philippines,PHL,Global: Ease of doing business score (DB10-14 methodology),IC.BUS.EASE.DFRN.DB1014,55.2,55.7,57.5,60.3,62.2,..,..,..,..,..,..
Philippines,PHL,Global: Ease of doing business score (DB15 methodology),IC.BUS.EASE.DFRN.DB16,..,..,..,..,60.4,60.5,..,..,..,..,..
Philippines,PHL,Global: Ease of doing business score (DB17-20 methodology),IC.BUS.EASE.DFRN.XQ.DB1719,..,..,..,..,..,..,58.2,59.3,59.3,60.9,62.8
Philippines,PHL,Ease of doing business score (DB15 methodology),IC.BUS.EASE.DFRN.DB15,..,..,..,..,..,..,..,..,..,..,..
Philippines,PHL,Rank: Ease of doing business index (1=most business-friendly regulations),IC.BUS.EASE.XQ,..,..,..,..,..,..,..,..,..,..,95
Singapore,SGP,Global: Ease of doing business score (DB10-14 methodology),IC.BUS.EASE.DFRN.DB1014,88.1,88.7,88.7,88.7,89.5,..,..,..,..,..,..
Singapore,SGP,Global: Ease of doing business score (DB15 methodology),IC.BUS.EASE.DFRN.DB16,..,..,..,..,86.9,86.7,..,..,..,..,..
Singapore,SGP,Global: Ease of doing business score (DB17-20 methodology),IC.BUS.EASE.DFRN.XQ.DB1719,..,..,..,..,..,..,84.9,85.4,85.6,85.8,86.2
Singapore,SGP,Ease of doing business score (DB15 methodology),IC.BUS.EASE.DFRN.DB15,..,..,..,..,..,..,..,..,..,..,..
Singapore,SGP,Rank: Ease of doing business index (1=most business-friendly regulations),IC.BUS.EASE.XQ,..,..,..,..,..,..,..,..,..,..,2
Saudi Arabia,SAU,Global: Ease of doing business score (DB10-14 methodology),IC.BUS.EASE.DFRN.DB1014,66.1,67.1,67,68,67.6,..,..,..,..,..,..
Saudi Arabia,SAU,Global: Ease of doing business score (DB15 methodology),IC.BUS.EASE.DFRN.DB16,..,..,..,..,65.2,65.3,..,..,..,..,..
Saudi Arabia,SAU,Global: Ease of doing business score (DB17-20 methodology),IC.BUS.EASE.DFRN.XQ.DB1719,..,..,..,..,..,..,59.2,59.4,62.1,63.8,71.6
Saudi Arabia,SAU,Ease of doing business score (DB15 methodology),IC.BUS.EASE.DFRN.DB15,..,..,..,..,..,..,..,..,..,..,..
Saudi Arabia,SAU,Rank: Ease of doing business index (1=most business-friendly regulations),IC.BUS.EASE.XQ,..,..,..,..,..,..,..,..,..,..,62
Thailand,THA,Global: Ease of doing business score (DB10-14 methodology),IC.BUS.EASE.DFRN.DB1014,73.8,73.4,74.6,74.9,75.3,..,..,..,..,..,..
Thailand,THA,Global: Ease of doing business score (DB15 methodology),IC.BUS.EASE.DFRN.DB16,..,..,..,..,73.4,73.6,..,..,..,..,..
Thailand,THA,Global: Ease of doing business score (DB17-20 methodology),IC.BUS.EASE.DFRN.XQ.DB1719,..,..,..,..,..,..,71.9,72.8,78.5,79.5,80.1
Thailand,THA,Ease of doing business score (DB15 methodology),IC.BUS.EASE.DFRN.DB15,..,..,..,..,..,..,..,..,..,..,..
Thailand,THA,Rank: Ease of doing business index (1=most business-friendly regulations),IC.BUS.EASE.XQ,..,..,..,..,..,..,..,..,..,..,21
United Kingdom,GBR,Global: Ease of doing business score (DB10-14 methodology),IC.BUS.EASE.DFRN.DB1014,83,83.6,83.7,83.7,84.8,..,..,..,..,..,..
United Kingdom,GBR,Global: Ease of doing business score (DB15 methodology),IC.BUS.EASE.DFRN.DB16,..,..,..,..,82.7,82.9,..,..,..,..,..
United Kingdom,GBR,Global: Ease of doing business score (DB17-20 methodology),IC.BUS.EASE.DFRN.XQ.DB1719,..,..,..,..,..,..,83.3,83.3,83.2,83.6,83.5
United Kingdom,GBR,Ease of doing business score (DB15 methodology),IC.BUS.EASE.DFRN.DB15,..,..,..,..,..,..,..,..,..,..,..
United Kingdom,GBR,Rank: Ease of doing business index (1=most business-friendly regulations),IC.BUS.EASE.XQ,..,..,..,..,..,..,..,..,..,..,8
United States,USA,Global: Ease of doing business score (DB10-14 methodology),IC.BUS.EASE.DFRN.DB1014,..,..,..,..,83.5,..,..,..,..,..,..
United States,USA,Global: Ease of doing business score (DB15 methodology),IC.BUS.EASE.DFRN.DB16,..,..,..,..,82.6,82.6,..,..,..,..,..
United States,USA,Global: Ease of doing business score (DB17-20 methodology),IC.BUS.EASE.DFRN.XQ.DB1719,..,..,..,..,..,..,83.6,83.6,83.6,83.6,84
United States,USA,Ease of doing business score (DB15 methodology),IC.BUS.EASE.DFRN.DB15,..,..,..,..,..,..,..,..,..,..,..
United States,USA,Rank: Ease of doing business index (1=most business-friendly regulations),IC.BUS.EASE.XQ,..,..,..,..,..,..,..,..,..,..,6
Vietnam,VNM,Global: Ease of doing business score (DB10-14 methodology),IC.BUS.EASE.DFRN.DB1014,59.5,60.3,60.5,61.1,61.3,..,..,..,..,..,..
Vietnam,VNM,Global: Ease of doing business score (DB15 methodology),IC.BUS.EASE.DFRN.DB16,..,..,..,..,61.9,62.2,..,..,..,..,..
Vietnam,VNM,Global: Ease of doing business score (DB17-20 methodology),IC.BUS.EASE.DFRN.XQ.DB1719,..,..,..,..,..,..,62.6,65.3,67,68.6,69.8
Vietnam,VNM,Ease of doing business score (DB15 methodology),IC.BUS.EASE.DFRN.DB15,..,..,..,..,..,..,..,..,..,..,..
Vietnam,VNM,Rank: Ease of doing business index (1=most business-friendly regulations),IC.BUS.EASE.XQ,..,..,..,..,..,..,..,..,..,..,70
,,,,,,,,,,,,,,
,,,,,,,,,,,,,,
,,,,,,,,,,,,,,
Data from database: Doing Business,,,,,,,,,,,,,,
Last Updated: 08/18/2021,,,,,,,,,,,,,,
